Borger columns: ['N√∫mero de Borger', 'Valores de Borger', 'Firmar', 'N√∫mero Unicode', 'Nombre Unicode']
  N√∫mero de Borger Valores de Borger Firmar N√∫mero Unicode                              Nombre Unicode
0                1              COMO      íÄ∏        U+12038                     SIGNO CUNEIFORME CENIZA
1                2             A≈†.A≈†      íêÄ        U+12400  SIGNO CUNEIFORME SIGNO NUM√âRICO DOS CENIZA
Parsing logic:         Regex_Pattern    Result_Value
0    sz|s,|t,|s'|h,|j         Dynamic
1  ^\{(?! \+)(.*?)\}$  det (semantic)
2       ^\{\+(.*?)\}$  det (phonetic)
3             \|.*?\|        compound
4                .*#$            TRUE
